data,valor
2026-08-19,165.0
2026-08-20,165.0
2026-08-21,168.33
2026-08-24,169.01
2026-08-25,171.88
2026-08-26,171.82
2026-08-27,172.4
2026-08-28,172.72
2026-08-31,174.78
2026-09-01,177.1
2026-09-02,182.27
2026-09-03,182.25
2026-09-04,181.94
2026-09-08,184.79
2026-09-09,182.87
2026-09-10,185.21
2026-09-11,183.85
2026-09-14,182.55
2026-09-15,183.89
2026-09-16,182.66
2026-09-17,183.28
2026-09-18,182.47
2026-09-21,183.95
2026-09-22,184.3
2026-09-23,182.86
2026-09-24,180.87
2026-09-25,180.82
2026-09-28,180.18
2026-09-29,181.05
2026-09-30,184.08
