executado_em,fonte,status,linhas_novas,ultima_data,erro
2026-10-01T23:21:36+00:00,bcb_sgs,ok,159,2026-08-01,
2026-10-01T23:21:36+00:00,bcb_ptax,ok,42,2026-09-30,
2026-10-01T23:21:36+00:00,bcb_focus,ok,90,2026-09-25,
2026-10-01T23:21:36+00:00,tesouro,ok,472,2026-09-30,
2026-10-01T23:21:36+00:00,yahoo,ok,90,2026-09-30,
2026-10-01T23:21:36+00:00,b3,ok,30,2026-09-30,
2026-10-01T23:24:23+00:00,bcb_sgs,ok,0,2026-08-01,
2026-10-01T23:24:23+00:00,bcb_ptax,ok,0,2026-09-30,
2026-10-01T23:24:23+00:00,bcb_focus,ok,0,2026-09-25,
2026-10-01T23:24:23+00:00,tesouro,ok,0,2026-09-30,
2026-10-01T23:24:23+00:00,yahoo,ok,0,2026-09-30,
2026-10-01T23:24:23+00:00,b3,ok,0,2026-09-30,
2026-10-02T00:02:15+00:00,bcb_sgs,ok,0,2026-08-01,
2026-10-02T00:02:15+00:00,bcb_ptax,ok,0,2026-09-30,
2026-10-02T00:02:15+00:00,bcb_focus,ok,0,2026-09-25,
2026-10-02T00:02:15+00:00,tesouro,ok,0,2026-09-30,
2026-10-02T00:02:15+00:00,yahoo,ok,0,2026-09-30,
2026-10-02T00:02:15+00:00,b3,ok,0,2026-09-30,
2026-10-02T00:08:09+00:00,bcb_sgs,ok,0,2026-08-01,
2026-10-02T00:08:09+00:00,bcb_ptax,ok,0,2026-09-30,
2026-10-02T00:08:09+00:00,bcb_focus,ok,0,2026-09-25,
2026-10-02T00:08:09+00:00,tesouro,ok,0,2026-09-30,
2026-10-02T00:08:09+00:00,yahoo,ok,0,2026-09-30,
2026-10-02T00:08:09+00:00,b3,ok,0,2026-09-30,
2026-10-02T00:15:01+00:00,bcb_sgs,ok,0,2026-08-01,
2026-10-02T00:15:01+00:00,bcb_ptax,ok,0,2026-09-30,
2026-10-02T00:15:01+00:00,bcb_focus,ok,0,2026-09-25,
2026-10-02T00:15:01+00:00,tesouro,ok,0,2026-09-30,
2026-10-02T00:15:01+00:00,yahoo,ok,0,2026-09-30,
2026-10-02T00:15:01+00:00,b3,ok,0,2026-09-30,
2026-10-02T00:46:28+00:00,bcb_sgs,ok,0,2026-08-01,
2026-10-02T00:46:28+00:00,bcb_ptax,ok,0,2026-09-30,
2026-10-02T00:46:28+00:00,bcb_focus,ok,0,2026-09-25,
2026-10-02T00:46:28+00:00,tesouro,ok,0,2026-09-30,
2026-10-02T00:46:28+00:00,yahoo,ok,0,2026-09-30,
2026-10-02T00:46:28+00:00,b3,ok,0,2026-09-30,
2026-10-02T16:36:07+00:00,bcb_sgs,ok,3,2026-08-01,
2026-10-02T16:36:07+00:00,bcb_ptax,ok,1,2026-10-01,
2026-10-02T16:36:07+00:00,bcb_focus,ok,0,2026-09-25,
2026-10-02T16:36:07+00:00,tesouro,ok,11,2026-10-01,
2026-10-02T16:36:07+00:00,yahoo,ok,1,2026-09-30,
2026-10-02T16:36:07+00:00,b3,ok,1,2026-10-01,
2026-10-06T17:08:46+00:00,bcb_sgs,erro,0,2026-08-01,JSONDecodeError: Expecting value: line 1 column 1 (char 0)
2026-10-06T17:08:46+00:00,bcb_ptax,ok,2,2026-10-05,
2026-10-06T17:08:46+00:00,bcb_focus,ok,10,2026-10-02,
2026-10-06T17:08:46+00:00,tesouro,ok,22,2026-10-05,
2026-10-06T17:08:46+00:00,yahoo,ok,4,2026-10-02,
2026-10-06T17:08:46+00:00,b3,ok,2,2026-10-05,
2026-10-07T17:46:20+00:00,bcb_sgs,ok,11,2026-08-01,
2026-10-07T17:46:20+00:00,bcb_ptax,ok,1,2026-10-06,
2026-10-07T17:46:20+00:00,bcb_focus,ok,0,2026-10-02,
2026-10-07T17:46:20+00:00,tesouro,ok,11,2026-10-06,
2026-10-07T17:46:20+00:00,yahoo,ok,2,2026-10-05,
2026-10-07T17:46:20+00:00,b3,ok,1,2026-10-06,
2026-10-08T17:50:16+00:00,bcb_sgs,erro,0,2026-08-01,JSONDecodeError: Expecting value: line 1 column 1 (char 0)
2026-10-08T17:50:16+00:00,bcb_ptax,ok,1,2026-10-07,
2026-10-08T17:50:16+00:00,bcb_focus,ok,0,2026-10-02,
2026-10-08T17:50:16+00:00,tesouro,ok,11,2026-10-07,
2026-10-08T17:50:16+00:00,yahoo,ok,2,2026-10-06,
2026-10-08T17:50:16+00:00,b3,ok,1,2026-10-07,
2026-10-09T17:25:02+00:00,bcb_sgs,erro,0,2026-08-01,JSONDecodeError: Expecting value: line 1 column 1 (char 0)
2026-10-09T17:25:02+00:00,bcb_ptax,erro,0,2026-10-07,"FonteIndisponivel: https://olinda.bcb.gov.br/olinda/servico/PTAX/versao/v1/odata/CotacaoDolarPeriodo(dataInicial=@dataInicial,dataFinalCota: HTTP Error 403: Forbidden"
2026-10-09T17:25:02+00:00,bcb_focus,erro,0,2026-10-02,FonteIndisponivel: https://olinda.bcb.gov.br/olinda/servico/Expectativas/versao/v1/odata/ExpectativasMercadoAnuais?%24filter=%28Indicador%2: HTTP Error 403: Forbidden
2026-10-09T17:25:02+00:00,tesouro,ok,11,2026-10-08,
2026-10-09T17:25:02+00:00,yahoo,ok,2,2026-10-07,
2026-10-09T17:25:02+00:00,b3,ok,1,2026-10-08,
