data,cota,bench,pl,fluxo,retorno_dia,divida_tecnica,incidentes_abertos,credibilidade,confianca_media,caixa_gestora,peso_caixa,peso_prefixado,peso_inflacao,peso_dolar,peso_bolsa
2026-08-19,1.00158249,1.0005166,300422289.91,-52456.9,0.001582,34.45,0.0,0.851,1.0,2000424.07,0.4494,0.15,0.1503,0.0992,0.1511
2026-08-20,1.00208502,1.00103347,300867399.42,294376.95,0.000502,33.9,0.0,0.852,1.0,2000852.04,0.4499,0.1498,0.15,0.0994,0.1509
2026-08-21,1.00654014,1.0015506,302158665.86,-46344.7,0.004446,33.35,0.0,0.853,1.0,2001344.78,0.448,0.1495,0.1507,0.0985,0.1533
2026-08-24,1.00711669,1.002068,303603730.68,1271985.57,0.000573,33.5,1.0,0.852,0.92,2001842.55,0.4503,0.149,0.1498,0.0978,0.1532
2026-08-25,1.01036719,1.00258567,304994676.55,411056.69,0.003228,33.65,1.0,0.851,0.88,2002429.68,0.4497,0.1485,0.1494,0.0973,0.1551
2026-08-26,1.01181272,1.00310361,306304406.65,873374.42,0.001431,33.8,1.0,0.849,0.84,2003050.44,0.4509,0.1482,0.1495,0.0971,0.1543
2026-08-27,1.01185856,1.00362181,306381544.83,63262.2,4.5e-05,34.65,2.0,0.845,0.76,2003706.41,0.4511,0.148,0.1488,0.0972,0.1548
2026-08-28,1.01390329,1.00414028,307531347.67,530677.52,0.002021,35.5,2.0,0.84,0.72,2004389.46,0.4514,0.1477,0.1489,0.0975,0.1545
2026-08-31,1.0150572,1.00465902,308924612.12,1043265.01,0.001138,34.95,0.0,0.891,1.0,2005107.46,0.4529,0.147,0.1478,0.0967,0.1557
2026-09-01,1.01520216,1.00517803,308759045.15,-209684.57,0.000143,34.4,0.0,0.892,1.0,2005868.61,0.4527,0.1468,0.1465,0.0963,0.1578
2026-09-02,1.02190279,1.0056973,311824157.44,1027215.12,0.0066,33.85,0.0,0.893,1.0,2006702.31,0.4517,0.146,0.1467,0.0948,0.1608
2026-09-03,1.0229289,1.00621684,313018537.08,881271.63,0.001004,34.0,1.0,0.894,1.0,2007589.2,0.453,0.1459,0.1471,0.0939,0.1602
2026-09-04,1.0239593,1.00673666,313195421.06,-138420.45,0.001007,34.15,1.0,0.895,1.0,2008523.58,0.4525,0.1458,0.1475,0.0943,0.1598
2026-09-08,1.02706857,1.00725674,314756959.82,610513.82,0.003037,33.6,0.0,0.896,1.0,2009490.2,0.4524,0.1455,0.1475,0.0931,0.1615
2026-09-09,1.0259758,1.00777708,314562197.18,140130.28,-0.001064,33.05,0.0,0.897,1.0,2010467.76,0.4533,0.1457,0.1476,0.0934,0.16
2026-09-10,1.02786009,1.0082977,316055350.24,915433.73,0.001837,32.5,0.0,0.898,1.0,2011473.81,0.4542,0.1448,0.1465,0.0933,0.1612
2026-09-11,1.0288817,1.00881859,318032184.51,1662699.82,0.000994,31.95,0.0,0.899,1.0,2012528.65,0.4568,0.1444,0.1474,0.0923,0.1591
2026-09-14,1.0276511,1.00933974,318434562.71,782762.21,-0.001196,31.4,0.0,0.9,1.0,2013634.38,0.4589,0.1437,0.1461,0.0936,0.1577
2026-09-15,1.02935993,1.00986117,319868601.11,904530.4,0.001663,30.85,0.0,0.901,1.0,2014792.19,0.4599,0.1435,0.1457,0.0928,0.1582
2026-09-16,1.02809507,1.01038286,320357364.17,881810.78,-0.001229,30.3,0.0,0.902,1.0,2015970.29,0.4621,0.1432,0.145,0.0927,0.1569
2026-09-17,1.02981209,1.01089602,321548683.3,656291.97,0.00167,29.75,0.0,0.903,1.0,2017204.62,0.4627,0.143,0.1452,0.0924,0.1568
2026-09-18,1.02919254,1.01140943,322392966.55,1037731.53,-0.000602,29.2,0.0,0.904,1.0,2018457.32,0.4649,0.1426,0.1446,0.0922,0.1557
2026-09-21,1.03011063,1.01192311,323336542.73,655983.93,0.000892,28.65,0.0,0.905,1.0,2019762.61,0.4657,0.1424,0.1442,0.0911,0.1565
2026-09-22,1.0304036,1.01243704,324545377.28,1116877.57,0.000284,28.8,1.0,0.906,1.0,2021097.58,0.4676,0.142,0.1433,0.0909,0.1562
2026-09-23,1.03010516,1.01295124,324410765.09,-40614.89,-0.00029,28.95,1.0,0.906,0.96,2022473.15,0.4679,0.1421,0.1435,0.0914,0.1551
2026-09-24,1.02924331,1.0134657,324314338.94,174997.09,-0.000837,28.4,0.0,0.907,1.0,2023836.33,0.4688,0.1421,0.1436,0.0921,0.1534
2026-09-25,1.03026834,1.01398041,324389009.04,-248316.36,0.000996,27.85,0.0,0.908,1.0,2025219.27,0.4681,0.1419,0.1442,0.0924,0.1534
2026-09-28,1.02971113,1.01449539,325055649.71,842082.59,-0.000541,27.3,0.0,0.909,1.0,2026585.4,0.4699,0.1416,0.1435,0.0924,0.1525
2026-09-29,1.03207489,1.01501064,325773535.31,-28296.7,0.002296,26.75,0.0,0.91,1.0,2028014.56,0.469,0.1416,0.1441,0.0924,0.1529
2026-09-30,1.03597828,1.01552614,327530757.59,525120.48,0.003782,26.2,0.0,0.911,1.0,2029491.49,0.4683,0.1412,0.1447,0.0912,0.1546
2026-10-01,1.03524992,1.01604191,328978233.59,1677813.93,-0.000703,27.05,2.0,0.91,0.92,2030780.61,0.4,0.2,0.15,0.1,0.15
2026-10-02,1.04085036,1.01655793,330492088.58,-265839.95,0.00541,27.0,1.0,0.929,0.9,2032206.79,0.4,0.15,0.2,0.1,0.15
2026-10-05,1.06350092,1.01707422,339918089.52,2233967.9,0.021762,27.65,2,0.926,0.8,2033907.49,0.3956,0.1491,0.2056,0.0928,0.1569
