data,tipo,vencimento,taxa,pu
2025-12-17,Tesouro IPCA+,2026-08-15,10.29,4284.33
2025-12-17,Tesouro IPCA+,2029-05-15,7.92,3522.86
2025-12-17,Tesouro IPCA+,2035-05-15,7.33,2337.0
2025-12-17,Tesouro IPCA+,2040-08-15,7.04,1668.87
2025-12-17,Tesouro IPCA+,2045-05-15,7.0,1213.63
2025-12-17,Tesouro IPCA+,2050-08-15,7.0,847.64
2025-12-17,Tesouro Prefixado,2026-01-01,14.89,994.46
2025-12-17,Tesouro Prefixado,2027-01-01,13.65,875.82
2025-12-17,Tesouro Prefixado,2028-01-01,13.15,777.1
2025-12-17,Tesouro Prefixado,2029-01-01,13.3,684.69
2025-12-17,Tesouro Prefixado,2031-01-01,13.6,526.06
2025-12-17,Tesouro Prefixado,2032-01-01,13.74,459.19
2025-12-18,Tesouro IPCA+,2026-08-15,10.36,4284.84
2025-12-18,Tesouro IPCA+,2029-05-15,8.01,3514.56
2025-12-18,Tesouro IPCA+,2035-05-15,7.41,2321.8
2025-12-18,Tesouro IPCA+,2040-08-15,7.16,1642.56
2025-12-18,Tesouro IPCA+,2045-05-15,7.11,1190.34
2025-12-18,Tesouro IPCA+,2050-08-15,7.09,830.72
2025-12-18,Tesouro Prefixado,2026-01-01,14.91,995.01
2025-12-18,Tesouro Prefixado,2027-01-01,13.76,875.4
2025-12-18,Tesouro Prefixado,2028-01-01,13.25,776.1
2025-12-18,Tesouro Prefixado,2029-01-01,13.42,682.86
2025-12-18,Tesouro Prefixado,2031-01-01,13.73,523.33
2025-12-18,Tesouro Prefixado,2032-01-01,13.88,456.06
2025-12-19,Tesouro IPCA+,2026-08-15,10.32,4288.13
2025-12-19,Tesouro IPCA+,2029-05-15,7.96,3521.61
2025-12-19,Tesouro IPCA+,2035-05-15,7.37,2330.87
2025-12-19,Tesouro IPCA+,2040-08-15,7.13,1649.95
2025-12-19,Tesouro IPCA+,2045-05-15,7.05,1203.75
2025-12-19,Tesouro IPCA+,2050-08-15,7.02,844.47
2025-12-19,Tesouro Prefixado,2026-01-01,14.91,995.56
2025-12-19,Tesouro Prefixado,2027-01-01,13.72,876.16
2025-12-19,Tesouro Prefixado,2028-01-01,13.22,776.9
2025-12-19,Tesouro Prefixado,2029-01-01,13.36,684.29
2025-12-19,Tesouro Prefixado,2031-01-01,13.67,524.98
2025-12-19,Tesouro Prefixado,2032-01-01,13.82,457.73
2025-12-22,Tesouro IPCA+,2026-08-15,10.29,4292.35
2025-12-22,Tesouro IPCA+,2029-05-15,7.92,3528.54
2025-12-22,Tesouro IPCA+,2035-05-15,7.29,2348.76
2025-12-22,Tesouro IPCA+,2040-08-15,7.12,1653.34
2025-12-22,Tesouro IPCA+,2045-05-15,7.06,1202.41
2025-12-22,Tesouro IPCA+,2050-08-15,7.04,841.2
2025-12-22,Tesouro Prefixado,2026-01-01,14.91,996.11
2025-12-22,Tesouro Prefixado,2027-01-01,13.69,876.85
2025-12-22,Tesouro Prefixado,2028-01-01,13.17,777.98
2025-12-22,Tesouro Prefixado,2029-01-01,13.33,685.17
2025-12-22,Tesouro Prefixado,2031-01-01,13.66,525.48
2025-12-22,Tesouro Prefixado,2032-01-01,13.8,458.45
2025-12-23,Tesouro IPCA+,2026-08-15,10.29,4294.63
2025-12-23,Tesouro IPCA+,2029-05-15,7.96,3525.74
2025-12-23,Tesouro IPCA+,2035-05-15,7.39,2329.46
2025-12-23,Tesouro IPCA+,2040-08-15,7.22,1631.74
2025-12-23,Tesouro IPCA+,2045-05-15,7.13,1187.88
2025-12-23,Tesouro IPCA+,2050-08-15,7.08,833.89
2025-12-23,Tesouro Prefixado,2026-01-01,14.91,996.67
2025-12-23,Tesouro Prefixado,2027-01-01,13.78,876.6
2025-12-23,Tesouro Prefixado,2028-01-01,13.29,776.71
2025-12-23,Tesouro Prefixado,2029-01-01,13.47,682.99
2025-12-23,Tesouro Prefixado,2031-01-01,13.8,522.54
2025-12-23,Tesouro Prefixado,2032-01-01,13.93,455.57
2025-12-26,Tesouro IPCA+,2026-08-15,10.31,4297.94
2025-12-26,Tesouro IPCA+,2029-05-15,7.89,3535.91
2025-12-26,Tesouro IPCA+,2035-05-15,7.36,2337.09
2025-12-26,Tesouro IPCA+,2040-08-15,7.2,1637.24
2025-12-26,Tesouro IPCA+,2045-05-15,7.09,1197.22
2025-12-26,Tesouro IPCA+,2050-08-15,7.07,836.34
2025-12-26,Tesouro Prefixado,2026-01-01,14.93,997.77
2025-12-26,Tesouro Prefixado,2027-01-01,13.77,877.58
2025-12-26,Tesouro Prefixado,2028-01-01,13.24,778.18
2025-12-26,Tesouro Prefixado,2029-01-01,13.41,684.76
2025-12-26,Tesouro Prefixado,2031-01-01,13.74,524.45
2025-12-26,Tesouro Prefixado,2032-01-01,13.87,457.48
2025-12-29,Tesouro IPCA+,2026-08-15,10.26,4302.26
2025-12-29,Tesouro IPCA+,2029-05-15,7.8,3548.02
2025-12-29,Tesouro IPCA+,2035-05-15,7.28,2354.79
2025-12-29,Tesouro IPCA+,2040-08-15,7.15,1649.39
2025-12-29,Tesouro IPCA+,2045-05-15,7.02,1213.11
2025-12-29,Tesouro IPCA+,2050-08-15,7.03,844.52
2025-12-29,Tesouro Prefixado,2026-01-01,14.94,998.33
2025-12-29,Tesouro Prefixado,2027-01-01,13.66,878.88
2025-12-29,Tesouro Prefixado,2028-01-01,13.11,780.35
2025-12-29,Tesouro Prefixado,2029-01-01,13.3,687.09
2025-12-29,Tesouro Prefixado,2031-01-01,13.64,527.02
2025-12-29,Tesouro Prefixado,2032-01-01,13.77,460.12
2025-12-30,Tesouro IPCA+,2026-08-15,10.27,4304.18
2025-12-30,Tesouro IPCA+,2029-05-15,7.76,3553.88
2025-12-30,Tesouro IPCA+,2035-05-15,7.24,2363.9
2025-12-30,Tesouro IPCA+,2040-08-15,7.11,1659.0
2025-12-30,Tesouro IPCA+,2045-05-15,7.0,1217.94
2025-12-30,Tesouro IPCA+,2050-08-15,7.0,850.65
2025-12-30,Tesouro Prefixado,2026-01-01,14.94,998.88
2025-12-30,Tesouro Prefixado,2027-01-01,13.71,878.95
2025-12-30,Tesouro Prefixado,2028-01-01,13.11,780.73
2025-12-30,Tesouro Prefixado,2029-01-01,13.26,688.15
2025-12-30,Tesouro Prefixado,2031-01-01,13.6,528.21
2025-12-30,Tesouro Prefixado,2032-01-01,13.73,461.33
2026-01-02,Tesouro IPCA+,2026-08-15,10.25,4309.45
2026-01-02,Tesouro IPCA+,2029-05-15,7.72,3561.58
2026-01-02,Tesouro IPCA+,2035-05-15,7.2,2374.22
2026-01-02,Tesouro IPCA+,2040-08-15,7.07,1669.49
2026-01-02,Tesouro IPCA+,2045-05-15,6.93,1234.44
2026-01-02,Tesouro IPCA+,2050-08-15,6.93,865.12
2026-01-02,Tesouro Prefixado,2027-01-01,13.65,880.31
2026-01-02,Tesouro Prefixado,2028-01-01,13.04,782.46
2026-01-02,Tesouro Prefixado,2029-01-01,13.16,690.65
2026-01-02,Tesouro Prefixado,2031-01-01,13.46,531.99
2026-01-02,Tesouro Prefixado,2032-01-01,13.6,464.96
2026-01-05,Tesouro IPCA+,2026-08-15,10.29,4311.6
2026-01-05,Tesouro IPCA+,2029-05-15,7.71,3564.91
2026-01-05,Tesouro IPCA+,2035-05-15,7.22,2371.55
2026-01-05,Tesouro IPCA+,2040-08-15,7.12,1659.22
2026-01-05,Tesouro IPCA+,2045-05-15,6.97,1226.33
2026-01-05,Tesouro IPCA+,2050-08-15,6.94,863.66
2026-01-05,Tesouro Prefixado,2027-01-01,13.62,880.99
2026-01-05,Tesouro Prefixado,2028-01-01,12.98,783.67
2026-01-05,Tesouro Prefixado,2029-01-01,13.09,692.26
2026-01-05,Tesouro Prefixado,2031-01-01,13.4,533.65
2026-01-05,Tesouro Prefixado,2032-01-01,13.53,466.9
2026-01-06,Tesouro IPCA+,2026-08-15,10.29,4313.77
2026-01-06,Tesouro IPCA+,2029-05-15,7.74,3563.08
2026-01-06,Tesouro IPCA+,2035-05-15,7.34,2347.98
2026-01-06,Tesouro IPCA+,2040-08-15,7.23,1635.33
2026-01-06,Tesouro IPCA+,2045-05-15,7.06,1207.13
2026-01-06,Tesouro IPCA+,2050-08-15,7.0,852.24
2026-01-06,Tesouro Prefixado,2027-01-01,13.63,881.37
2026-01-06,Tesouro Prefixado,2028-01-01,12.96,784.33
2026-01-06,Tesouro Prefixado,2029-01-01,13.07,692.96
2026-01-06,Tesouro Prefixado,2031-01-01,13.44,532.99
2026-01-06,Tesouro Prefixado,2032-01-01,13.6,465.43
2026-01-07,Tesouro IPCA+,2026-08-15,10.28,4316.17
2026-01-07,Tesouro IPCA+,2029-05-15,7.78,3560.16
2026-01-07,Tesouro IPCA+,2035-05-15,7.42,2332.74
2026-01-07,Tesouro IPCA+,2040-08-15,7.31,1618.37
2026-01-07,Tesouro IPCA+,2045-05-15,7.13,1192.53
2026-01-07,Tesouro IPCA+,2050-08-15,7.05,842.89
2026-01-07,Tesouro Prefixado,2027-01-01,13.63,881.82
2026-01-07,Tesouro Prefixado,2028-01-01,12.95,784.85
2026-01-07,Tesouro Prefixado,2029-01-01,13.06,693.48
2026-01-07,Tesouro Prefixado,2031-01-01,13.44,533.26
2026-01-07,Tesouro Prefixado,2032-01-01,13.6,465.67
